Metric,Train_Mean,Train_Std,Test_Mean,Test_Std
roc_auc,0.8035030883963564,0.02963977890569644,0.7265991471215352,0.04817096974234974
pr_auc,0.3200407401944773,0.03864087318679731,0.28934458855724665,0.04625487561218988
accuracy,0.8975748475748476,0.0015986258227635606,0.8975855855855857,0.006406514013110282
balanced_accuracy,0.5,0.0,0.5,0.0
f1,0.0,0.0,0.0,0.0
precision,0.0,0.0,0.0,0.0
recall,0.0,0.0,0.0,0.0
