{
  "heart_rate": {
    "median": 73.0,
    "mean": 74.09703504043127,
    "std": 12.764870156181546
  },
  "age": {
    "median": 56.0,
    "mean": 55.698113207547166,
    "std": 11.972512287922143
  },
  "weight": {
    "median": 66.0,
    "mean": 68.48247978436657,
    "std": 13.820728274959533
  },
  "height": {
    "median": 159.0,
    "mean": 159.19407008086253,
    "std": 6.861866217310316
  },
  "heart_rhythm": {
    "mode": 0
  },
  "LVEF": {
    "median": 65.08951169,
    "mean": 65.30308721361186,
    "std": 7.03280672773846
  },
  "PWT": {
    "median": 0.88234859,
    "mean": 0.8775526577830188,
    "std": 0.15137360913436654
  },
  "LAd": {
    "median": 3.346116458,
    "mean": 3.336184807016173,
    "std": 0.5175560682849338
  },
  "LVDd": {
    "median": 4.3448805230000005,
    "mean": 4.351457409016173,
    "std": 0.5048349849341193
  },
  "LVSd": {
    "median": 2.746005115,
    "mean": 2.768590500738544,
    "std": 0.4458767483449164
  },
  "AC": {
    "mode": 1
  },
  "antiHER2": {
    "mode": 1
  },
  "HTA": {
    "mode": 0
  },
  "DL": {
    "mode": 0
  },
  "DM": {
    "mode": 0
  },
  "smoker": {
    "mode": 0
  },
  "exsmoker": {
    "mode": 0
  },
  "ACprev": {
    "mode": 0
  },
  "antiHER2prev": {
    "mode": 0
  },
  "RTprev": {
    "mode": 0
  },
  "CIprev": {
    "mode": 0
  },
  "ICMprev": {
    "mode": 0
  },
  "ARRprev": {
    "mode": 0
  },
  "VALVprev": {
    "mode": 0
  },
  "cxvalv": {
    "mode": 0
  }
}