{
  "search_type": "RandomizedSearchCV",
  "n_iterations": 5000,
  "best_cv_score": 0.7265991471215352,
  "best_params": {
    "colsample_bylevel": 0.5209373494866074,
    "colsample_bynode": 0.7520225915617307,
    "colsample_bytree": 0.5298311116653025,
    "gamma": 3.9248980123423016,
    "learning_rate": 0.26913665694390104,
    "max_delta_step": 2,
    "max_depth": 5,
    "max_leaves": 22,
    "min_child_weight": 5,
    "n_estimators": 427,
    "reg_alpha": 9.924232665070894,
    "reg_lambda": 7.562339421860171,
    "scale_pos_weight": 1.629032868306186,
    "subsample": 0.8563561641032563
  },
  "performance": {
    "train": {
      "roc_auc": 0.8321479374110953,
      "pr_auc": 0.3920009805990703
    },
    "validation": {
      "roc_auc": 0.7048611111111112,
      "pr_auc": 0.2813131313131313
    },
    "test": {
      "roc_auc": 0.7604166666666667,
      "pr_auc": 0.3685739199525964
    }
  }
}