{
  "cross_validation": {
    "roc_auc": {
      "train_mean": 1.0,
      "train_std": 0.0,
      "test_mean": 0.5364609053497942,
      "test_std": 0.04939234778802796,
      "test_scores": [
        0.5135802469135802,
        0.6172839506172839,
        0.5006858710562414,
        0.5679012345679012,
        0.4828532235939643
      ]
    },
    "pr_auc": {
      "train_mean": 1.0,
      "train_std": 0.0,
      "test_mean": 0.16674379870075368,
      "test_std": 0.050443006305713245,
      "test_scores": [
        0.18787218788923482,
        0.15006366697987994,
        0.1436874328972072,
        0.25119145522407194,
        0.10090425051337452
      ]
    },
    "f1": {
      "train_mean": 1.0,
      "train_std": 0.0,
      "test_mean": 0.05,
      "test_std": 0.1,
      "test_scores": [
        0.0,
        0.0,
        0.0,
        0.25,
        0.0
      ]
    },
    "precision": {
      "train_mean": 1.0,
      "train_std": 0.0,
      "test_mean": 0.05714285714285714,
      "test_std": 0.11428571428571428,
      "test_scores": [
        0.0,
        0.0,
        0.0,
        0.2857142857142857,
        0.0
      ]
    },
    "recall": {
      "train_mean": 1.0,
      "train_std": 0.0,
      "test_mean": 0.04444444444444444,
      "test_std": 0.08888888888888888,
      "test_scores": [
        0.0,
        0.0,
        0.0,
        0.2222222222222222,
        0.0
      ]
    }
  },
  "learning_curve": {
    "train_sizes": [
      36,
      72,
      108,
      144,
      180,
      216,
      252,
      288,
      324,
      360
    ],
    "train_scores_mean": [
      1.0,
      1.0,
      1.0,
      1.0,
      1.0,
      1.0,
      1.0,
      1.0,
      1.0,
      1.0
    ],
    "train_scores_std": [
      0.0,
      0.0,
      0.0,
      0.0,
      0.0,
      0.0,
      0.0,
      0.0,
      0.0,
      0.0
    ],
    "val_scores_mean": [
      0.587681755829904,
      0.6137997256515775,
      0.6553360768175582,
      0.6044993141289438,
      0.5930864197530864,
      0.59920438957476,
      0.5757475994513032,
      0.560713305898491,
      0.540631001371742,
      0.5383813443072702
    ],
    "val_scores_std": [
      0.07619537370078647,
      0.055084053124305705,
      0.058537082003937056,
      0.08860062659645793,
      0.03888685420582587,
      0.05133486399318954,
      0.04522160870601584,
      0.030873353313524587,
      0.024399185862147232,
      0.04014594002693618
    ]
  },
  "calibration": {
    "train_val_brier_score": 0.4147845441870358,
    "test_brier_score": 0.46434048184247717,
    "train_val_calibration": {
      "prob_true": [
        0.0,
        0.0,
        0.0,
        0.0,
        0.03125,
        0.058823529411764705,
        0.0,
        0.1323529411764706,
        0.10975609756097561,
        0.28735632183908044
      ],
      "prob_pred": [
        0.07918482060943331,
        0.15400656571854715,
        0.2538421043643245,
        0.34760100692510604,
        0.453811296261847,
        0.5486534535884857,
        0.6442971229553223,
        0.7579565451425665,
        0.8530553070510306,
        0.9399660955900433
      ]
    },
    "test_calibration": {
      "prob_true": [
        0.0,
        0.0,
        0.0,
        0.16666666666666666,
        0.0,
        0.2727272727272727,
        0.07692307692307693,
        0.05555555555555555,
        0.14285714285714285
      ],
      "prob_pred": [
        0.14654472470283508,
        0.24693766981363297,
        0.36391227692365646,
        0.4645584623018901,
        0.5408084789911906,
        0.6571235981854525,
        0.7393457018412076,
        0.8568286233478122,
        0.9357431147779737
      ]
    }
  },
  "test_performance": {
    "roc_auc": 0.5902777777777777,
    "pr_auc": 0.20024672078093847,
    "f1_score": 0.14634146341463414,
    "precision": 0.09090909090909091,
    "recall": 0.375,
    "brier_score": 0.46434048184247717,
    "specificity": 0.5833333333333334,
    "npv": 0.8936170212765957,
    "ppv": 0.09090909090909091,
    "accuracy": 0.5625
  },
  "confidence_intervals": {
    "roc_auc": {
      "mean": 0.5950298248850371,
      "lower_95": 0.3916697152612645,
      "upper_95": 0.7995083333333333,
      "std": 0.10324680205541441
    },
    "pr_auc": {
      "mean": 0.24789700715331833,
      "lower_95": 0.06814243376328229,
      "upper_95": 0.4964651150295631,
      "std": 0.11463182598521794
    },
    "f1_score": {
      "mean": 0.14644170156765007,
      "lower_95": 0.0,
      "upper_95": 0.30309617918313564,
      "std": 0.07428499860587111
    },
    "precision": {
      "mean": 0.09323822440236736,
      "lower_95": 0.0,
      "upper_95": 0.20689655172413793,
      "std": 0.05088924660855267
    },
    "recall": {
      "mean": 0.37622889967661205,
      "lower_95": 0.0,
      "upper_95": 0.7272727272727273,
      "std": 0.17445988697682008
    },
    "specificity": {
      "mean": 0.586488920597051,
      "lower_95": 0.4788732394366197,
      "upper_95": 0.6986986301369863,
      "std": 0.056942785330168305
    }
  },
  "confusion_matrix": {
    "tn": 39,
    "fp": 35,
    "fn": 4,
    "tp": 2
  }
}